"","Date","Belgium","France","Germany","Italy","Luxembourg"
"1",2020-01-22,"0","0","0","0","0"
"2",2020-01-23,"0","0","0","0","0"
"3",2020-01-24,"0","2","0","0","0"
"4",2020-01-25,"0","3","0","0","0"
"5",2020-01-26,"0","3","0","0","0"
"6",2020-01-27,"0","3","1","0","0"
"7",2020-01-28,"0","4","4","0","0"
"8",2020-01-29,"0","5","4","0","0"
"9",2020-01-30,"0","5","4","0","0"
"10",2020-01-31,"0","5","5","2","0"
"11",2020-02-01,"0","6","8","2","0"
"12",2020-02-02,"0","6","10","2","0"
"13",2020-02-03,"0","6","12","2","0"
"14",2020-02-04,"1","6","12","2","0"
"15",2020-02-05,"1","6","12","2","0"
"16",2020-02-06,"1","6","12","2","0"
"17",2020-02-07,"1","6","13","3","0"
"18",2020-02-08,"1","11","13","3","0"
"19",2020-02-09,"1","11","14","3","0"
"20",2020-02-10,"1","11","14","3","0"
"21",2020-02-11,"1","11","16","3","0"
"22",2020-02-12,"1","11","16","3","0"
"23",2020-02-13,"1","11","16","3","0"
"24",2020-02-14,"1","11","16","3","0"
"25",2020-02-15,"1","12","16","3","0"
"26",2020-02-16,"1","12","16","3","0"
"27",2020-02-17,"1","12","16","3","0"
"28",2020-02-18,"1","12","16","3","0"
"29",2020-02-19,"1","12","16","3","0"
"30",2020-02-20,"1","12","16","3","0"
"31",2020-02-21,"1","12","16","20","0"
"32",2020-02-22,"1","12","16","62","0"
"33",2020-02-23,"1","12","16","155","0"
"34",2020-02-24,"1","12","16","229","0"
"35",2020-02-25,"1","14","16","322","0"
"36",2020-02-26,"1","18","21","453","0"
"37",2020-02-27,"1","38","26","655","0"
"38",2020-02-28,"1","57","53","888","0"
"39",2020-02-29,"1","100","66","1128","1"
"40",2020-03-01,"2","130","117","1694","1"
"41",2020-03-02,"8","191","150","2036","1"
"42",2020-03-03,"13","212","188","2502","1"
"43",2020-03-04,"23","285","262","3089","1"
"44",2020-03-05,"50","423","400","3858","1"
"45",2020-03-06,"109","613","639","4636","2"
"46",2020-03-07,"169","938","795","5883","2"
"47",2020-03-08,"200","1115","902","7375","3"
"48",2020-03-09,"239","1401","1139","9172","3"
"49",2020-03-10,"267","1773","1296","10149","5"
"50",2020-03-11,"314","2281","1567","12462","7"
"51",2020-03-12,"314","2281","2369","15113","19"
"52",2020-03-13,"559","3661","3062","17660","34"
"53",2020-03-14,"689","4469","3795","21157","51"
"54",2020-03-15,"886","4499","4838","24747","59"
"55",2020-03-16,"1058","6633","6012","27980","77"
"56",2020-03-17,"1243","7652","7156","31506","140"
"57",2020-03-18,"1486","9043","8198","35713","203"
"58",2020-03-19,"1795","10871","10999","41035","335"
"59",2020-03-20,"2257","12612","13957","47021","484"
"60",2020-03-21,"2815","14282","16662","53578","670"
"61",2020-03-22,"3401","16533","18610","59138","798"
"62",2020-03-23,"3743","19856","22672","63927","875"
"63",2020-03-24,"4269","22054","27436","69176","1099"
"64",2020-03-25,"4937","24967","31554","74386","1333"
"65",2020-03-26,"6235","28856","36508","80589","1453"
"66",2020-03-27,"7284","32609","42288","86498","1605"
"67",2020-03-28,"9134","37162","48582","92472","1831"
"68",2020-03-29,"10836","39761","52547","97689","1950"
"69",2020-03-30,"11899","44029","57298","101739","1988"
"70",2020-03-31,"12775","51579","61913","105792","2178"
"71",2020-04-01,"13964","56362","67366","110574","2319"
"72",2020-04-02,"15348","58404","73522","115242","2487"
"73",2020-04-03,"16770","63588","79696","119827","2612"
"74",2020-04-04,"18431","46483","85778","124632","2729"
"75",2020-04-05,"19691","47299","91714","128948","2804"
"76",2020-04-06,"20814","49934","95391","132547","2843"
"77",2020-04-07,"22194","46400","99225","135586","2970"
"78",2020-04-08,"23403","50242","103228","139422","3034"
"79",2020-04-09,"24983","54003","108202","143626","3115"
"80",2020-04-10,"26667","55538","113525","147577","3223"
"81",2020-04-11,"28018","56972","117658","152271","3270"
"82",2020-04-12,"29647","107712","120479","156363","3281"
"83",2020-04-13,"30589","110836","123016","159516","3292"
"84",2020-04-14,"31119","128272","125098","162488","3307"
"85",2020-04-15,"33573","131476","127584","165155","3373"
"86",2020-04-16,"34809","144035","130450","168941","3444"
"87",2020-04-17,"36138","145896","133830","172434","3480"
"88",2020-04-18,"37183","149683","137439","175925","3537"
"89",2020-04-19,"38496","150752","139897","178972","3550"
"90",2020-04-20,"39983","153197","141672","181228","3558"
"91",2020-04-21,"40956","155821","143457","183957","3618"
"92",2020-04-22,"41889","157603","145694","187327","3654"
"93",2020-04-23,"42797","155881","148046","189973","3665"
"94",2020-04-24,"44293","158653","150383","192994","3695"
"95",2020-04-25,"45325","160295","152438","195351","3711"
"96",2020-04-26,"46134","160907","154175","197675","3723"
"97",2020-04-27,"46687","164592","155193","199414","3729"
"98",2020-04-28,"47334","167650","156337","201505","3741"
"99",2020-04-29,"47859","166193","157641","203591","3769"
"100",2020-04-30,"48519","167326","159119","205463","3784"
"101",2020-05-01,"49032","167846","160758","207428","3802"
"102",2020-05-02,"49517","168637","161703","209328","3812"
"103",2020-05-03,"49906","168887","162496","210717","3824"
"104",2020-05-04,"50267","169405","163175","211938","3828"
"105",2020-05-05,"50509","170467","163860","213013","3840"
"106",2020-05-06,"50781","174596","164807","214457","3851"
"107",2020-05-07,"51420","175218","166091","215858","3859"
"108",2020-05-08,"52011","175743","167300","217185","3871"
"109",2020-05-09,"52596","176132","168551","218268","3877"
"110",2020-05-10,"53081","176338","169218","219070","3886"
"111",2020-05-11,"53449","176651","169575","219814","3888"
"112",2020-05-12,"53779","177330","170508","221216","3894"
"113",2020-05-13,"53981","177790","171306","222104","3904"
"114",2020-05-14,"54288","178353","172239","223096","3915"
"115",2020-05-15,"54644","178837","173152","223885","3923"
"116",2020-05-16,"54989","179140","173772","224760","3930"
"117",2020-05-17,"55280","179250","174355","225435","3945"
"118",2020-05-18,"55559","179650","174697","225886","3947"
"119",2020-05-19,"55791","180143","175210","226699","3958"
"120",2020-05-20,"55983","180499","176007","227364","3971"
"121",2020-05-21,"56235","180752","176752","228006","3980"
"122",2020-05-22,"56511","181444","177212","228658","3981"
"123",2020-05-23,"56810","181969","177850","229327","3990"
"124",2020-05-24,"57092","181410","178281","229858","3992"
"125",2020-05-25,"57342","181684","178570","230158","3993"
"126",2020-05-26,"57455","181880","179002","230555","3995"
"127",2020-05-27,"57592","182018","179364","231139","4001"
"128",2020-05-28,"57849","185300","179717","231732","4008"
"129",2020-05-29,"58061","185842","180458","232248","4012"
"130",2020-05-30,"58186","187608","181196","232664","4016"
"131",2020-05-31,"58381","187817","181482","232997","4018"
"132",2020-06-01,"58517","187986","181815","233197","4019"
"133",2020-06-02,"58615","187265","182028","233515","4020"
"134",2020-06-03,"58685","184015","182370","233836","4024"
"135",2020-06-04,"58767","188286","182764","234013","4027"
"136",2020-06-05,"58907","188808","183271","234531","4032"
"137",2020-06-06,"59072","189330","183678","234801","4035"
"138",2020-06-07,"59226","189621","183979","234998","4039"
"139",2020-06-08,"59348","189782","184193","235278","4040"
"140",2020-06-09,"59437","190266","184543","235561","4046"
"141",2020-06-10,"59569","190743","184861","235763","4049"
"142",2020-06-11,"59711","191040","185416","236142","4052"
"143",2020-06-12,"59819","191679","185674","236305","4055"
"144",2020-06-13,"59918","192043","186022","236651","4063"
"145",2020-06-14,"60029","192317","186269","236989","4070"
"146",2020-06-15,"60100","192369","186461","237290","4072"
"147",2020-06-16,"60155","192915","186839","237500","4075"
"148",2020-06-17,"60244","193256","187184","237828","4085"
"149",2020-06-18,"60348","193576","187764","238159","4091"
"150",2020-06-19,"60476","194121","188534","238011","4099"
"151",2020-06-20,"60550","194535","189135","238275","4105"
"152",2020-06-21,"60550","194599","189822","238499","4120"
"153",2020-06-22,"60550","194693","190359","238720","4121"
"154",2020-06-23,"60810","195256","190862","238833","4133"
"155",2020-06-24,"60898","195256","191449","239410","4140"
"156",2020-06-25,"61007","195256","192079","239706","4151"
"157",2020-06-26,"61106","196267","192556","239961","4173"
"158",2020-06-27,"61209","196521","193243","240136","4217"
"159",2020-06-28,"61295","196111","193499","240310","4242"
"160",2020-06-29,"61361","196390","193761","240436","4256"
"161",2020-06-30,"61427","196554","194259","240578","4299"
"162",2020-07-01,"61509","197238","194725","240760","4345"
"163",2020-07-02,"61598","197591","195228","240961","4395"
"164",2020-07-03,"61727","197994","195674","241184","4447"
"165",2020-07-04,"61838","197994","196096","241419","4476"
"166",2020-07-05,"62016","197994","196335","241611","4522"
"167",2020-07-06,"62058","198850","196554","241819","4542"
"168",2020-07-07,"62058","199170","196944","241956","4603"
"169",2020-07-08,"62123","199699","197341","242149","4650"
"170",2020-07-09,"62210","200027","197783","242363","4719"
"171",2020-07-10,"62357","200569","198178","242639","4777"
"172",2020-07-11,"62469","200569","198556","242827","4842"
"173",2020-07-12,"62707","200569","198804","243061","4925"
"174",2020-07-13,"62707","201755","198963","243230","4956"
"175",2020-07-14,"62781","201755","199375","243344","5056"
"176",2020-07-15,"62872","202383","199726","243506","5122"
"177",2020-07-16,"63238","202819","200260","243736","5285"
"178",2020-07-17,"63499","203516","200843","243967","5409"
"179",2020-07-18,"63706","203516","201372","244216","5483"
"180",2020-07-19,"63706","203516","201574","244434","5605"
"181",2020-07-20,"64094","205308","201823","244624","5639"
"182",2020-07-21,"64258","205773","202345","244752","5725"
"183",2020-07-22,"64627","206641","202799","245032","5854"
"184",2020-07-23,"64847","207650","203368","245338","5952"
"185",2020-07-24,"65199","208553","204183","245590","6056"
"186",2020-07-25,"65727","208553","204964","245864","6189"
"187",2020-07-26,"66026","208553","205269","246118","6272"
"188",2020-07-27,"66428","210821","205609","246286","6321"
"189",2020-07-28,"66662","211337","206242","246488","6375"
"190",2020-07-29,"67335","212676","206926","246776","6533"
"191",2020-07-30,"68006","213927","207828","247158","6616"
"192",2020-07-31,"68751","215135","208698","247537","6695"
"193",2020-08-01,"69402","215135","209653","247832","6793"
"194",2020-08-02,"69849","215135","209893","248070","6855"
"195",2020-08-03,"70314","218351","210402","248229","6864"
"196",2020-08-04,"70648","219253","211281","248419","6917"
"197",2020-08-05,"71158","220874","212022","248803","7007"
"198",2020-08-06,"72016","222398","213067","249204","7073"
"199",2020-08-07,"72784","224602","214214","249756","7113"
"200",2020-08-08,"73401","224602","215336","250103","7169"
"201",2020-08-09,"74152","224602","215891","250566","7205"
"202",2020-08-10,"74620","229203","216327","250825","7216"
"203",2020-08-11,"75008","230540","217293","251237","7242"
"204",2020-08-12,"75647","232966","218519","251713","7300"
"205",2020-08-13,"76191","235540","219964","252235","7368"
"206",2020-08-14,"77113","238240","221413","252809","7405"
"207",2020-08-15,"77869","241371","222828","253438","7439"
"208",2020-08-16,"78323","244335","223453","253915","7458"
"209",2020-08-17,"78534","244761","224014","254235","7469"
"210",2020-08-18,"78897","246821","225404","254636","7499"
"211",2020-08-19,"79479","250539","226914","255278","7566"
"212",2020-08-20,"80178","255214","228621","256118","7637"
"213",2020-08-21,"80894","259717","230048","257065","7704"
"214",2020-08-22,"81468","263129","232082","258136","7762"
"215",2020-08-23,"81936","267589","232864","259345","7775"
"216",2020-08-24,"82092","269452","233575","260298","7794"
"217",2020-08-25,"82447","272643","234853","261174","7838"
"218",2020-08-26,"83030","272643","236429","262540","7928"
"219",2020-08-27,"83500","283698","237936","263949","7928"
"220",2020-08-28,"83952","290929","239507","265409","6580"
"221",2020-08-29,"84599","296265","240986","266853","6625"
"222",2020-08-30,"85042","301554","241771","268218","6625"
"223",2020-08-31,"85236","304349","242381","269214","6625"
"224",2020-09-01,"85487","309247","243599","270189","6625"
"225",2020-09-02,"85911","316047","244855","271515","6745"
"226",2020-09-03,"86544","322935","246166","272912","6811"
"227",2020-09-04,"87174","331578","247619","274644","6854"
"228",2020-09-05,"87825","340013","248997","276338","6896"
"229",2020-09-06,"88367","346921","249985","277634","6950"
"230",2020-09-07,"88769","351017","250799","278784","6960"
"231",2020-09-08,"89141","357473","252298","280153","6974"
"232",2020-09-09,"89691","365025","253474","281583","7023"
"233",2020-09-10,"90568","374586","255366","283180","7088"
"234",2020-09-11,"91537","383854","256850","284796","7088"
"235",2020-09-12,"92478","394270","258480","286297","7159"
"236",2020-09-13,"93455","400533","259428","287753","7159"
"237",2020-09-14,"94306","406609","260355","288761","7244"
"238",2020-09-15,"94795","414196","261762","289990","7284"
"239",2020-09-16,"95948","423924","263663","291442","7394"
"240",2020-09-17,"97976","433871","265857","293025","7541"
"241",2020-09-18,"99649","446961","267773","294932","7718"
"242",2020-09-19,"100748","460328","270070","296569","7718"
"243",2020-09-20,"102295","470864","271415","298156","7718"
"244",2020-09-21,"103392","476162","272337","299506","7916"
"245",2020-09-22,"105226","485929","274158","300897","8016"
"246",2020-09-23,"106887","497914","275927","302537","8090"
"247",2020-09-24,"108768","513732","278070","304323","8158"
"248",2020-09-25,"110976","529501","280223","306235","8233"
"249",2020-09-26,"112803","543688","282730","308104","8233"
"250",2020-09-27,"114179","554304","284140","309870","8233"
"251",2020-09-28,"115353","558374","285332","311364","8376"
"252",2020-09-29,"117115","566196","287421","313011","8431"
"253",2020-09-30,"118452","578769","289219","314861","8509"
"254",2020-10-01,"121059","591783","291722","317409","8595"
"255",2020-10-02,"124234","603920","294395","319908","8709"
"256",2020-10-03,"127623","620330","296958","322751","8709"
"257",2020-10-04,"130235","632834","299237","325329","8709"
"258",2020-10-05,"132203","637918","300619","327586","8925"
"259",2020-10-06,"134291","648116","303258","330263","8979"
"260",2020-10-07,"137868","666849","306086","333940","9119"
"261",2020-10-08,"143596","684164","310144","338398","9219"
"262",2020-10-09,"148981","704478","314660","343770","9360"
"263",2020-10-10,"156931","731155","319381","349494","9514"
"264",2020-10-11,"162258","747092","322864","354950","9722"
"265",2020-10-12,"165880","755597","325331","359569","9731"
"266",2020-10-13,"173240","768380","329453","365467","9840"
"267",2020-10-14,"181511","790959","334585","372799","10030"
"268",2020-10-15,"191959","820685","341223","381602","10244"
"269",2020-10-16,"202151","845740","348557","391611","10471"
"270",2020-10-17,"213115","877840","356387","402536","10471"
"271",2020-10-18,"222253","907677","361974","414241","10888"
"272",2020-10-19,"230480","920916","366299","423578","11010"
"273",2020-10-20,"240159","941085","373167","434449","11241"
"274",2020-10-21,"253386","967717","380762","449648","11671"
"275",2020-10-22,"270132","1008483","392049","465726","12333"
"276",2020-10-23,"287700","1050468","403291","484869","12851"
"277",2020-10-24,"305409","1095708","418005","504509","12851"
"278",2020-10-25,"321031","1102262","429181","525782","12851"
"279",2020-10-26,"333718","1174279","437866","542789","14399"
"280",2020-10-27,"347289","1207430","449275","564778","14884"
"281",2020-10-28,"368337","1243855","464239","589766","15659"
"282",2020-10-29,"392258","1290446","481013","616595","16356"
"283",2020-10-30,"412314","1339640","499694","647674","17134"
"284",2020-10-31,"429229","1374691","518753","679430","17134"
"285",2020-11-01,"441018","1420870","532930","709335","17134"
"286",2020-11-02,"447355","1525184","545027","731588","19101"
"287",2020-11-03,"452541","1597139","560379","759829","19634"
"288",2020-11-04,"468213","1549838","577593","790377","20344"
"289",2020-11-05,"479341","1607147","597583","824879","21147"
"290",2020-11-06,"488044","1667604","619089","862681","21806"
"291",2020-11-07,"494168","1754202","642488","902490","21806"
"292",2020-11-08,"500789","1792764","658505","935104","21806"
"293",2020-11-09,"503182","1812919","671868","960373","23227"
"294",2020-11-10,"507475","1834515","687200","995463","23710"
"295",2020-11-11,"515391","1870380","705687","1028424","23710"
"296",2020-11-12,"520393","1902644","727553","1066401","25218"
"297",2020-11-13,"525012","1926314","751095","1107303","25931"
"298",2020-11-14,"531280","1958235","773556","1144552","25931"
"299",2020-11-15,"535939","1985427","790503","1178529","25931"
"300",2020-11-16,"537871","1994728","801327","1205881","27256"
"301",2020-11-17,"540605","2039938","815746","1238072","27681"
"302",2020-11-18,"545787","2068297","833307","1272352","28573"
"303",2020-11-19,"550264","2088784","855916","1308528","29243"
"304",2020-11-20,"553680","2111646","879564","1345767","29762"
"305",2020-11-21,"556904","2129287","902528","1380531","29762"
"306",2020-11-22,"558779","2142417","918269","1408868","29762"
"307",2020-11-23,"559902","2146869","929133","1431795","31111"
"308",2020-11-24,"561803","2155722","942687","1455022","31484"
"309",2020-11-25,"564967","2171967","961320","1480874","32100"
"310",2020-11-26,"567532","2184846","983588","1509875","32873"
"311",2020-11-27,"570829","2197283","1006394","1538217","33409"
"312",2020-11-28,"574448","2209739","1028089","1564532","33409"
"313",2020-11-29,"576599","2219502","1042700","1585178","33409"
"314",2020-11-30,"577345","2223393","1053869","1601554","34678"
"315",2020-12-01,"579212","2231344","1067473","1620901","35129"
"316",2020-12-02,"582252","2245324","1084743","1641610","35802"
"317",2020-12-03,"584857","2257894","1106789","1664829","36429"
"318",2020-12-04,"587439","2269080","1130238","1688939","37017"
"319",2020-12-05,"589942","2281889","1153556","1709991","37017"
"320",2020-12-06,"591756","2292838","1171323","1728878","37017"
"321",2020-12-07,"592615","2296249","1183655","1742557","38476"
"322",2020-12-08,"594572","2309760","1197709","1757394","38476"
"323",2020-12-09,"597643","2324300","1218524","1770149","38476"
"324",2020-12-10,"600397","2337594","1242203","1787147","40037"
"325",2020-12-11,"600397","2350923","1272078","1805873","40755"
"326",2020-12-12,"603159","2364740","1300516","1825775","40755"
"327",2020-12-13,"608137","2376228","1320716","1843712","40755"
"328",2020-12-14,"609211","2379291","1337078","1855737","41900"
"329",2020-12-15,"611422","2390419","1351510","1870576","42250"
"330",2020-12-16,"615058","2407983","1379238","1888144","42845"
"331",2020-12-17,"618204","2426063","1406161","1906377","43279"
"332",2020-12-18,"621039","2441737","1439938","1921778","43728"
"333",2020-12-19,"623760","2458839","1471238","1938083","43728"
"334",2020-12-20,"625930","2471458","1494009","1953185","43728"
"335",2020-12-21,"626911","2477255","1510652","1964054","44582"
"336",2020-12-22,"629109","2488889","1530180","1977370","44809"
"337",2020-12-23,"632321","2503693","1554920","1991278","45209"
"338",2020-12-24,"634904","2525234","1587115","2009317","45209"
"339",2020-12-25,"637246","2545358","1587115","2028354","45209"
"340",2020-12-26,"638030","2548388","1627103","2038759","45209"
"341",2020-12-27,"638877","2556621","1640858","2047696","45209"
"342",2020-12-28,"639734","2559575","1651834","2056277","45849"
"343",2020-12-29,"641411","2570767","1664726","2067487","46088"
"344",2020-12-30,"644242","2597124","1687185","2083689","46415"
"345",2020-12-31,"646496","2616902","1719737","2107166","46415"
"346",2021-01-01,"648289","2636045","1719737","2129376","46415"
"347",2021-01-02,"649169","2639404","1755351","2141201","46415"
"348",2021-01-03,"650011","2651893","1765666","2155446","46415"
"349",2021-01-04,"650887","2655915","1775513","2166244","46986"
"350",2021-01-05,"652735","2676195","1787410","2181619","47149"
"351",2021-01-06,"655732","2701215","1808647","2201945","47430"
"352",2021-01-07,"658655","2722728","1835038","2220361","47592"
"353",2021-01-08,"660703","2742349","1866887","2237890","47744"
"354",2021-01-09,"662694","2762120","1891581","2257866","47744"
"355",2021-01-10,"664263","2777921","1908527","2276491","47744"
"356",2021-01-11,"665223","2781503","1921024","2289021","48027"
"357",2021-01-12,"667322","2800770","1933826","2303263","48181"
"358",2021-01-13,"670249","2824473","1953426","2319036","48372"
"359",2021-01-14,"672886","2845701","1978590","2336279","48486"
"360",2021-01-15,"675089","2866413","2000958","2352423","48630"
"361",2021-01-16,"677209","2887532","2019636","2368733","48630"
"362",2021-01-17,"678839","2903975","2033518","2381277","48630"
"363",2021-01-18,"679771","2907711","2040659","2390102","48890"
"364",2021-01-19,"681250","2931050","2052028","2400598","48975"
"365",2021-01-20,"684256","2957547","2068002","2414166","49204"
"366",2021-01-21,"686827","2979915","2088400","2428221","49319"
"367",2021-01-22,"689271","3002910","2106262","2441854","49438"
"368",2021-01-23,"691854","3026320","2122679","2455185","49438"
"369",2021-01-24,"693666","3044358","2134936","2466813","49438"
"370",2021-01-25,"694858","3048598","2141665","2475372","49733"
"371",2021-01-26,"696642","3070458","2148077","2485956","49852"
"372",2021-01-27,"699662","3097374","2161275","2501147","50089"
"373",2021-01-28,"702437","3120634","2178828","2515507","50228"
"374",2021-01-29,"705120","3143417","2192850","2529070","50388"
"375",2021-01-30,"707837","3167274","2205171","2541783","50388"
"376",2021-01-31,"710153","3186354","2216363","2553032","50388"
"377",2021-02-01,"711417","3190701","2221971","2560957","50733"
"378",2021-02-02,"713271","3213360","2228085","2570608","50923"
"379",2021-02-03,"716395","3239256","2237790","2583790","51128"
"380",2021-02-04,"718847","3238798","2252001","2597446","51330"
"381",2021-02-05,"721432","3284085","2264909","2611659","51512"
"382",2021-02-06,"723870","3303273","2275394","2625098","51512"
"383",2021-02-07,"725610","3322988","2284010","2636738","51512"
"384",2021-02-08,"726483","3327305","2288545","2644707","51879"
"385",2021-02-09,"728334","3345558","2291924","2655319","52022"
"386",2021-02-10,"730951","3370645","2299996","2668266","52247"
"387",2021-02-11,"733100","3390952","2310233","2683403","52392"
"388",2021-02-12,"735220","3410996","2320093","2697296","52539"
"389",2021-02-13,"737115","3431805","2328447","2710819","52539"
"390",2021-02-14,"738631","3447518","2334561","2721879","52539"
"391",2021-02-15,"739488","3451894","2338987","2729223","52923"
"392",2021-02-16,"741205","3471268","2342843","2739591","53062"
"393",2021-02-17,"743882","3495775","2350399","2751657","53329"
"394",2021-02-18,"746302","3517177","2360606","2765412","53562"
"395",2021-02-19,"749739","3541282","2369719","2780882","53782"
"396",2021-02-20,"752379","3562707","2378883","2795796","53782"
"397",2021-02-21,"754473","3584326","2386559","2809246","53782"
"398",2021-02-22,"755594","3588972","2390928","2818863","54172"
"399",2021-02-23,"757696","3608271","2394811","2832162","54354"
"400",2021-02-24,"760809","3639501","2402818","2848564","54678"
"401",2021-02-25,"763885","3664050","2414687","2868435","54871"
"402",2021-02-26,"766654","3689034","2424684","2888923","55110"
"403",2021-02-27,"769414","3712474","2434446","2907825","55110"
"404",2021-02-28,"771511","3732426","2442336","2925265","55110"
"405",2021-03-01,"772294","3736390","2447068","2938371","55480"
"406",2021-03-02,"774344","3759247","2451011","2955434","55632"
"407",2021-03-03,"777608","3785326","2460030","2976274","55902"
"408",2021-03-04,"780251","3810605","2471942","2999119","56110"
"409",2021-03-05,"783010","3833572","2482522","3023129","56296"
"410",2021-03-06,"785809","3856182","2492079","3046762","56296"
"411",2021-03-07,"787891","3878007","2500182","3067486","56296"
"412",2021-03-08,"789008","3883334","2505193","3081368","56677"
"413",2021-03-09,"791171","3906363","2509445","3101093","56822"
"414",2021-03-10,"794605","3935990","2518591","3123368","57056"
"415",2021-03-11,"798108","3963156","2532947","3149017","57321"
"416",2021-03-12,"801723","3988194","2545781","3175807","57503"
"417",2021-03-13,"805321","4017844","2558455","3201838","57503"
"418",2021-03-14,"808283","4043769","2569245","3223142","57503"
"419",2021-03-15,"809861","4050010","2575849","3238394","57926"
"420",2021-03-16,"813026","4080012","2581329","3258770","58111"
"421",2021-03-17,"818142","4117650","2594764","3281810","58408"
"422",2021-03-18,"822801","4152604","2612268","3306711","58674"
"423",2021-03-19,"827941","4187630","2629750","3332418","58955"
"424",2021-03-20,"827941","4222935","2645783","3356331","58955"
"425",2021-03-21,"837006","4252919","2659516","3376376","58955"
"426",2021-03-22,"839238","4268711","2667225","3400877","59497"
"427",2021-03-23,"842775","4283389","2674710","3419616","59662"
"428",2021-03-24,"849090","4347614","2690523","3440862","59907"
"429",2021-03-25,"854608","4393255","2713180","3464543","60205"
"430",2021-03-26,"860731","4434884","2734753","3488619","60465"
"431",2021-03-27,"866063","4477503","2755225","3512453","60465"
"432",2021-03-28,"870757","4513685","2772401","3532057","60465"
"433",2021-03-29,"872936","4522779","2782273","3544957","61073"
"434",2021-03-30,"876842","4553481","2791822","3561012","61255"
"435",2021-03-31,"882453","4611392","2808873","3584899","61642"
"436",2021-04-01,"887920","4661841","2833173","3607083","61881"
"437",2021-04-02,"892585","4708648","2855061","3629000","62105"
"438",2021-04-03,"897474","4707488","2873190","3650247","62105"
"439",2021-04-04,"900996","4788117","2885386","3668264","62105"
"440",2021-04-05,"902964","4799078","2893883","3678944","62105"
"441",2021-04-06,"904673","4807123","2900768","3686707","62625"
"442",2021-04-07,"908212","4807123","2910445","3700393","62793"
"443",2021-04-08,"913057","4903965","2930852","3717602","63180"
"444",2021-04-09,"917917","4903965","2956316","3736526","63467"
"445",2021-04-10,"922487","4903965","2980413","3754077","63467"
"446",2021-04-11,"925476","5021865","2998268","3769814","63467"
"447",2021-04-12,"927229","5030401","3011513","3779594","63880"
"448",2021-04-13,"930603","5068534","3022323","3793033","64062"
"449",2021-04-14,"935316","5111882","3044016","3809193","64334"
"450",2021-04-15,"939309","5149776","3073442","3826156","64549"
"451",2021-04-16,"943213","5186109","3099273","3842079","64746"
"452",2021-04-17,"947000","5221888","3123077","3857443","64746"
"453",2021-04-18,"949996","5249622","3142262","3870131","64746"
"454",2021-04-19,"951626","5256318","3153699","3878994","65144"
"455",2021-04-20,"955056","5300321","3163308","3891063","65319"
"456",2021-04-21,"960169","5334144","3188192","3904899","65604"
"457",2021-04-22,"964526","5367544","3217710","3920945","65813"
"458",2021-04-23,"968107","5399600","3245253","3935703","66007"
"459",2021-04-24,"972041","5432085","3268645","3949517","66007"
"460",2021-04-25,"974418","5456417","3287418","3962674","66007"
"461",2021-04-26,"976088","5460793","3299325","3971114","66374"
"462",2021-04-27,"979034","5490025","3310301","3981512","66594"
"463",2021-04-28,"982959","5521227","3332532","3994894","66826"
"464",2021-04-29,"986622","5547670","3357268","4009208","67045"
"465",2021-04-30,"990229","5571804","3381597","4022653","67205"
"466",2021-05-01,"993434","5597295","3400532","4035617","67205"
"467",2021-05-02,"995562","5605532","3416822","4044762","67205"
"468",2021-05-03,"996896","5609292","3425982","4050708","67495"
"469",2021-05-04,"999627","5633509","3433516","4059821","67642"
"470",2021-05-05,"1003746","5658254","3451550","4070400","67850"
"471",2021-05-06,"1007264","5679730","3473503","4082198","68020"
"472",2021-05-07,"1010987","5698706","3491988","4092747","68153"
"473",2021-05-08,"1014351","5718165","3507673","4102921","68153"
"474",2021-05-09,"1016609","5727293","3520329","4111210","68153"
"475",2021-05-10,"1017876","5730585","3527251","4116287","68431"
"476",2021-05-11,"1020332","5750098","3533376","4123230","68552"
"477",2021-05-12,"1023583","5770128","3548285","4131078","68748"
"478",2021-05-13,"1026473","5789589","3565704","4139160","68748"
"479",2021-05-14,"1028104","5796058","3577040","4146722","68922"
"480",2021-05-15,"1030071","5811711","3584934","4153374","68922"
"481",2021-05-16,"1031923","5825659","3593434","4159122","68922"
"482",2021-05-17,"1032895","5829009","3598846","4162576","69190"
"483",2021-05-18,"1034714","5845010","3603055","4167025","69239"
"484",2021-05-19,"1038514","5863138","3614095","4172525","69398"
"485",2021-05-20,"1041706","5514022","3626393","4178261","69465"
"486",2021-05-21,"1044612","5526555","3635162","4183476","69545"
"487",2021-05-22,"1047128","5538938","3642244","4188190","69545"
"488",2021-05-23,"1048881","5547914","3648958","4192183","69545"
"489",2021-05-24,"1049822","5550143","3651640","4194672","69545"
"490",2021-05-25,"1050677","5552977","3653551","4197892","69579"
"491",2021-05-26,"1052652","5564217","3656177","4201827","69669"
"492",2021-05-27,"1055543","5578150","3662490","4205970","69749"
"493",2021-05-28,"1057903","5588981","3669870","4209707","69830"
"494",2021-05-29,"1059763","5600353","3675296","4213055","69830"
"495",2021-05-30,"1061200","5608347","3679148","4216003","69830"
"496",2021-05-31,"1062001","5609558","3681126","4217821","69932"
"497",2021-06-01,"1063499","5619133","3682911","4220304","69983"
"498",2021-06-02,"1065358","5619133","3687828","4223200","70027"
"499",2021-06-03,"1066957","5634526","3692468","4225163","70088"
"500",2021-06-04,"1068406","5641296","3695633","4227719","70182"
"501",2021-06-05,"1069874","5647950","3697927","4230153","70182"
"502",2021-06-06,"1070802","5652705","3700367","4232428","70182"
"503",2021-06-07,"1071271","5653678","3701484","4233698","70256"
"504",2021-06-08,"1072175","5659478","3702688","4235592","70291"
"505",2021-06-09,"1073358","5663717","3705942","4237790","70343"
"506",2021-06-10,"1074204","5667993","3709129","4239868","70383"
"507",2021-06-11,"1074988","5671864","3711569","4241760","70406"
"508",2021-06-12,"1075765","5675604","3713480","4243482","70406"
"509",2021-06-13,"1076338","5678209","3714969","4244872","70406"
"510",2021-06-14,"1076579","5678893","3715518","4245779","70445"
"511",2021-06-15,"1077087","5681846","3716170","4247032","70466"
"512",2021-06-16,"1077758","5683536","3717625","4248432","70485"
"513",2021-06-17,"1078251","5685387","3718955","4249755","70503"
"514",2021-06-18,"1078251","5688557","3720031","4250902","70516"
"515",2021-06-19,"1079084","5691181","3720031","4252095","70516"
"516",2021-06-20,"1079415","5692996","3721981","4252976","70516"
"517",2021-06-21,"1079640","5692968","3722327","4253460","70535"
"518",2021-06-22,"1080035","5694975","3722782","4254294","70547"
"519",2021-06-23,"1081061","5696069","3723798","4255434","70547"
"520",2021-06-24,"1081908","5698076","3724806","4255700","70586"
"521",2021-06-25,"1082476","5699818","3725580","4256451","70600"
"522",2021-06-26,"1082476","5701946","3726172","4257289","70600"
"523",2021-06-27,"1082476","5703524","3726710","4258069","70600"
"524",2021-06-28,"1083478","5703780","3726929","4258456","70642"
"525",2021-06-29,"1084550","5705863","3727333","4259133","70695"
"526",2021-06-30,"1085131","5707142","3728141","4259909","70787"
"527",2021-07-01,"1085885","5709806","3729033","4260788","70895"
"528",2021-07-02,"1086508","5712276","3729682","4261582","71031"
"529",2021-07-03,"1086508","5715282","3729682","4262511","71031"
"530",2021-07-04,"1086508","5717831","3729682","4263317","71031"
"531",2021-07-05,"1088363","5718270","3731124","4263797","71429"
"532",2021-07-06,"1089105","5720593","3731564","4264704","71547"
"533",2021-07-07,"1091095","5724395","3732549","4265714","71748"
"534",2021-07-08,"1092477","5728837","3733519","4267105","71879"
"535",2021-07-09,"1093700","5733214","3734468","4268491","72010"
"536",2021-07-10,"1093700","5737910","3734468","4269885","72010"
"537",2021-07-11,"1093700","5742166","3734468","4271276","72010"
"538",2021-07-12,"1097029","5742783","3736489","4272163","72257"
"539",2021-07-13,"1098332","5749593","3737135","4273693","72391"
"540",2021-07-14,"1100616","5749593","3738683","4275846","72509"
"541",2021-07-15,"1102069","5760374","3740325","4278319","72632"
"542",2021-07-16,"1103413","5771282","3741781","4281214","72759"
"543",2021-07-17,"1103413","5782231","3741781","4284332","72759"
"544",2021-07-18,"1103413","5794763","3741781","4287458","72759"
"545",2021-07-19,"1107208","5796453","3745227","4289528","72985"
"546",2021-07-20,"1108675","5814442","3746410","4293083","73074"
"547",2021-07-21,"1108675","5834523","3748613","4297337","73215"
"548",2021-07-22,"1112161","5856432","3750503","4302393","73309"
"549",2021-07-23,"1112161","5875702","3752592","4307535","73412"
"550",2021-07-24,"1113465","5901326","3752592","4312673","73412"
"551",2021-07-25,"1113465","5916568","3752592","4317415","73412"
"552",2021-07-26,"1117697","5919170","3756856","4320530","73551"
"553",2021-07-27,"1119030","5946041","3758401","4325046","73637"
"554",2021-07-28,"1121089","5971078","3761169","4330739","73744"
"555",2021-07-29,"1122951","5996132","3764311","4336906","73816"
"556",2021-07-30,"1124715","6020331","3766765","4343519","73870"
"557",2021-07-31,"1124715","6043802","3766765","4350028","73870"
"558",2021-08-01,"1124715","6063402","3766765","4355348","73870"
"559",2021-08-02,"1129018","6063402","3772109","4358533","73990"
"560",2021-08-03,"1130758","6084067","3773875","4363374","74042"
"561",2021-08-04,"1132934","6111503","3777446","4369964","74144"
"562",2021-08-05,"1134907","6137948","3780985","4377188","74212"
"563",2021-08-06,"1136726","6161967","3784433","4383787","74262"
"564",2021-08-07,"1136726","6187722","3784433","4390684","74262"
"565",2021-08-08,"1136726","6208172","3784433","4396417","74262"
"566",2021-08-09,"1141379","6211471","3791949","4400617","74395"
"567",2021-08-10,"1143127","6232682","3794429","4406241","74437"
"568",2021-08-11,"1145736","6260194","3799425","4413162","74498"
"569",2021-08-12,"1147855","6288585","3805063","4420429","74545"
"570",2021-08-13,"1149869","6314823","3810641","4427827","74595"
"571",2021-08-14,"1149869","6339250","3810641","4435008","74595"
"572",2021-08-15,"1149869","6360422","3810641","4440669","74595"
"573",2021-08-16,"1154879","6366015","3823139","4444338","74690"
"574",2021-08-17,"1156620","6378738","3827051","4449606","74779"
"575",2021-08-18,"1159366","6406369","3835375","4456765","74855"
"576",2021-08-19,"1161558","6430319","3843775","4464005","74918"
"577",2021-08-20,"1163726","6450822","3853055","4471225","74985"
"578",2021-08-21,"1163726","6473458","3853055","4478691","74985"
"579",2021-08-22,"1163726","6490758","3853055","4484613","74985"
"580",2021-08-23,"1168602","6492581","3871865","4488779","75130"
"581",2021-08-24,"1170213","6517026","3877612","4494857","75216"
"582",2021-08-25,"1173108","6537883","3889173","4502396","75312"
"583",2021-08-26,"1175575","6557287","3901799","4509611","75442"
"584",2021-08-27,"1177909","6557287","3913828","4517434","75517"
"585",2021-08-28,"1177909","6591438","3913828","4524292","75517"
"586",2021-08-29,"1177909","6605068","3913828","4530246","75517"
"587",2021-08-30,"1182810","6605068","3937106","4534499","75672"
"588",2021-08-31,"1184664","6605068","3942856","4539991","75760"
"589",2021-09-01,"1187506","6635813","3956387","4546487","75904"
"590",2021-09-02,"1189710","6649966","3970102","4553241","75981"
"591",2021-09-03,"1192008","6662874","3984353","4559970","76102"
"592",2021-09-04,"1192008","6676210","3984353","4566126","76102"
"593",2021-09-05,"1192008","6686620","3984353","4571440","76102"
"594",2021-09-06,"1196656","6688909","4010390","4574787","76245"
"595",2021-09-07,"1198503","6702711","4017116","4579502","76358"
"596",2021-09-08,"1201056","6702711","4030681","4585423","76455"
"597",2021-09-09,"1203326","6720301","4046112","4590941","76540"
"598",2021-09-10,"1205516","6730199","4059081","4596558","76632"
"599",2021-09-11,"1205516","6739800","4059081","4601749","76632"
"600",2021-09-12,"1205516","6747479","4059081","4606413","76632"
"601",2021-09-13,"1210381","6748770","4083151","4609205","76798"
"602",2021-09-14,"1212106","6759097","4089476","4613214","76894"
"603",2021-09-15,"1215114","6759097","4101931","4618040","76996"
"604",2021-09-16,"1217473","6771911","4114856","4623155","77098"
"605",2021-09-17,"1219814","6778846","4125878","4627699","77189"
"606",2021-09-18,"1219814","6786260","4125878","4632275","77189"
"607",2021-09-19,"1219814","6792074","4125878","4636111","77189"
"608",2021-09-20,"1224885","6792074","4145852","4638516","77340"
"609",2021-09-21,"1226682","6798722","4150516","4641890","77441"
"610",2021-09-22,"1229236","6805130","4160970","4645853","77552"
"611",2021-09-23,"1231523","6810965","4171666","4649906","77688"
"612",2021-09-24,"1233723","6816844","4181393","4653696","77762"
"613",2021-09-25,"1233723","6822060","4181393","4657215","77762"
"614",2021-09-26,"1233723","6826766","4181393","4660314","77762"
"615",2021-09-27,"1238358","6827408","4199400","4662087","77930"
"616",2021-09-28,"1240232","6834025","4203571","4665049","77998"
"617",2021-09-29,"1242821","6838988","4215351","4668261","78130"
"618",2021-09-30,"1244954","6843836","4227501","4672355","78219"
"619",2021-10-01,"1247197","6848693","4237619","4675758","78326"
"620",2021-10-02,"1247197","6853641","4237619","4679067","78326"
"621",2021-10-03,"1247197","6857385","4237619","4682034","78326"
"622",2021-10-04,"1251857","6857921","4255388","4683646","78521"
"623",2021-10-05,"1253587","6862305","4260187","4686109","78620"
"624",2021-10-06,"1256191","6865914","4271734","4689341","78781"
"625",2021-10-07,"1258688","6870807","4283378","4692274","78941"
"626",2021-10-08,"1261102","6874967","4293807","4695291","79018"
"627",2021-10-09,"1261102","6879701","4293807","4698038","79018"
"628",2021-10-10,"1261102","6883692","4293807","4700316","79018"
"629",2021-10-11,"1266562","6884812","4313384","4701832","79196"
"630",2021-10-12,"1269002","6890619","4318355","4704318","79300"
"631",2021-10-13,"1272669","6890619","4330258","4707087","79463"
"632",2021-10-14,"1276221","6899839","4342640","4709753","79628"
"633",2021-10-15,"1279869","6905628","4354158","4712482","79720"
"634",2021-10-16,"1279869","6910527","4354158","4715464","79720"
"635",2021-10-17,"1279869","6914305","4354158","4717899","79720"
"636",2021-10-18,"1289033","6915362","4377845","4719493","79982"
"637",2021-10-19,"1292887","6920457","4384616","4722188","80085"
"638",2021-10-20,"1299439","6926248","4401631","4725887","80331"
"639",2021-10-21,"1305678","6932261","4417708","4729678","80462"
"640",2021-10-22,"1312360","6937872","4437280","4733557","80603"
"641",2021-10-23,"1312360","6944163","4437280","4737462","80603"
"642",2021-10-24,"1312360","6949168","4437280","4741185","80603"
"643",2021-10-25,"1328202","6950451","4472730","4743720","80603"
"644",2021-10-26,"1333947","6956491","4483203","4747773","81124"
"645",2021-10-27,"1342718","6963019","4506415","4752368","81363"
"646",2021-10-28,"1351913","6968918","4534452","4757231","81501"
"647",2021-10-29,"1360650","6975016","4559120","4762563","81683"
"648",2021-10-30,"1360650","6982376","4559120","4767440","81683"
"649",2021-10-31,"1360650","6988705","4559120","4771965","81683"
"650",2021-11-01,"1360650","6990332","4607208","4774783","81683"
"651",2021-11-02,"1360650","6992339","4618021","4777614","82092"
"652",2021-11-03,"1393358","7002389","4638419","4782802","82190"
"653",2021-11-04,"1403548","7011068","4672368","4788704","82623"
"654",2021-11-05,"1403548","7019847","4709488","4795465","82842"
"655",2021-11-06,"1414463","7029452","4709488","4802225","82842"
"656",2021-11-07,"1414463","7037999","4709488","4808047","82842"
"657",2021-11-08,"1438830","7039756","4782546","4812594","83294"
"658",2021-11-09,"1438830","7051795","4804378","4818705","83479"
"659",2021-11-10,"1463548","7062794","4844054","4826738","83826"
"660",2021-11-11,"1463548","7075244","4894250","4835435","84069"
"661",2021-11-12,"1484712","7079005","4942890","4843957","84248"
"662",2021-11-13,"1484712","7093651","4942890","4852496","84248"
"663",2021-11-14,"1484712","7106147","4942890","4860061","84248"
"664",2021-11-15,"1512474","7109125","5045076","4865260","84738"
"665",2021-11-16,"1524862","7128903","5077124","4873075","84866"
"666",2021-11-17,"1543299","7149118","5129950","4883242","85361"
"667",2021-11-18,"1559998","7168026","5195321","4893887","85660"
"668",2021-11-19,"1581500","7188721","5248291","4904441","85960"
"669",2021-11-20,"1581500","7211399","5248291","4915981","85960"
"670",2021-11-21,"1581500","7231148","5248291","4925688","85960"
"671",2021-11-22,"1623560","7235966","5385585","4932091","86637"
"672",2021-11-23,"1635675","7266361","5430911","4942135","86796"
"673",2021-11-24,"1659025","7296757","5497795","4954585","87352"
"674",2021-11-25,"1679861","7330086","5573756","4968341","87773"
"675",2021-11-26,"1701633","7364380","5650170","4982022","88108"
"676",2021-11-27,"1701633","7401437","5650170","4994891","88108"
"677",2021-11-28,"1701633","7433018","5650170","5007818","88108"
"678",2021-11-29,"1749469","7441297","5791060","5015790","89010"
"679",2021-11-30,"1766035","7486179","5836813","5028547","89181"
"680",2021-12-01,"1786444","7535587","5903999","5043620","89766"
"681",2021-12-02,"1809557","7583957","5977208","5060430","90336"
"682",2021-12-03,"1827467","7633529","6051560","5077445","90774"
"683",2021-12-04,"1827467","7684993","6051560","5094072","90774"
"684",2021-12-05,"1827467","7727146","6051560","5109082","90774"
"685",2021-12-06,"1868906","7738424","6185961","5118576","91709"
"686",2021-12-07,"1879784","7794665","6222020","5134318","91908"
"687",2021-12-08,"1898498","7855841","6291621","5152264","92574"
"688",2021-12-09,"1914527","7912490","6362232","5164780","93060"
"689",2021-12-10,"1929772","7967415","6423520","5185270","93429"
"690",2021-12-11,"1929772","8021334","6423520","5206305","93429"
"691",2021-12-12,"1929772","8065182","6423520","5225517","93429"
"692",2021-12-13,"1959193","8076647","6531606","5238221","94300"
"693",2021-12-14,"1968269","8136637","6562429","5258886","94511"
"694",2021-12-15,"1980120","8202064","6613730","5282076","95222"
"695",2021-12-16,"1980120","8262620","6670407","5308180","95759"
"696",2021-12-17,"1990160","8320607","6721375","5336795","96108"
"697",2021-12-18,"1999764","8379143","6721375","5364852","96108"
"698",2021-12-19,"1999764","8427616","6721375","5389155","96108"
"699",2021-12-20,"2017154","8442487","6809622","5405360","97029"
"700",2021-12-21,"2017447","8515067","6833050","5436143","97258"
"701",2021-12-22,"2023285","8599161","6878709","5472469","97858"
"702",2021-12-23,"2030878","8685716","6923636","5517054","98440"
"703",2021-12-24,"2038111","8779840","6923636","5567644","98983"
"704",2021-12-25,"2038111","8884451","6923636","5622431","98983"
"705",2021-12-26,"2038111","8912148","6923636","5647313","98983"
"706",2021-12-27,"2052871","8941762","7005289","5678112","99717"
"707",2021-12-28,"2062836","9121078","7026369","5756412","100203"
"708",2021-12-29,"2075781","9323371","7066412","5854428","101256"
"709",2021-12-30,"2089657","9529614","7109182","5981428","102486"
"710",2021-12-31,"2105343","9761814","7109182","6125683","103766"
"711",2022-01-01,"2105343","9980940","7109182","6266939","103766"
"712",2022-01-02,"2105343","10039372","7109182","6328076","103766"
"713",2022-01-03,"2133284","10106833","7109182","6396110","105358"
"714",2022-01-04,"2151914","10371017","7238408","6566947","106235"
"715",2022-01-05,"2179710","10693911","7297320","6756035","108366"
"716",2022-01-06,"2206992","10952698","7361660","6975465","110298"
"717",2022-01-07,"2231686","11275841","7417995","7083762","112203"
"718",2022-01-08,"2231686","11579510","7417995","7281297","112203"
"719",2022-01-09,"2231686","11875607","7417995","7436939","112203"
"720",2022-01-10,"2286532","11963184","7535691","7554344","116039"
"721",2022-01-11,"2307843","12322734","7581381","7774863","117001"
"722",2022-01-12,"2347164","12655210","7661811","7971068","118925"
"723",2022-01-13,"2347164","12956857","7743228","8155645","121237"
"724",2022-01-14,"2410731","13279505","7835451","8356514","123340"
"725",2022-01-15,"2410731","13604085","7835451","8549450","123340"
"726",2022-01-16,"2410731","13882214","7835451","8706915","123340"
"727",2022-01-17,"2484027","13971316","8000122","8790302","127765"
"728",2022-01-18,"2521462","14432833","8074527","9018425","129092"
"729",2022-01-19,"2575313","14864061","8186850","9219391","131644"
"730",2022-01-20,"2642761","15254588","8320386","9418256","134714"
"731",2022-01-21,"2697239","15652063","8460546","9603856","137570"
"732",2022-01-22,"2697239","16041383","8460546","9781191","137570"
"733",2022-01-23,"2697239","16342997","8460546","9923678","137570"
"734",2022-01-24,"2830719","16446852","8744840","10001344","143067"
"735",2022-01-25,"2878212","16948487","8871795","10212621","144781"
"736",2022-01-26,"2939439","17310548","9035795","10383561","147854"
"737",2022-01-27,"3007724","17696796","9238931","10539601","150883"
"738",2022-01-28,"3055925","18048584","9429079","10683948","153435"
"739",2022-01-29,"3055925","18380982","9429079","10821375","153435"
"740",2022-01-30,"3055925","18630430","9429079","10925485","153435"
"741",2022-01-31,"3155239","18713087","9815533","10983116","157985"
"742",2022-02-01,"3184201","19112755","9978146","11116422","159438"
"743",2022-02-02,"3229629","19378646","10186644","11235745","161986"
"744",2022-02-03,"3267656","19649274","10422764","11348701","163980"
"745",2022-02-04,"3296038","19890150","10671602","11449601","165958"
"746",2022-02-05,"3296038","20104692","10671602","11542793","165958"
"747",2022-02-06,"3296038","20260131","10671602","11621736","165958"
"748",2022-02-07,"3344833","20303662","11117857","11663338","168988"
"749",2022-02-08,"3363890","20538622","11287428","11765767","170100"
"750",2022-02-09,"3386223","20504667","11521678","11847436","171452"
"751",2022-02-10,"3405839","20834193","11769540","11923631","172502"
"752",2022-02-11,"3421081","20957064","12009712","11991109","173419"
"753",2022-02-12,"3421081","21075675","12009712","12053330","173419"
"754",2022-02-13,"3421081","21162237","12009712","12105675","173419"
"755",2022-02-14,"3447539","21186090","12421126","12134451","174856"
"756",2022-02-15,"3460301","21186090","12580343","12205474","175408"
"757",2022-02-16,"3473015","21397630","12800315","12265343","176177"
"758",2022-02-17,"3484518","21489937","13035941","12323398","176736"
"759",2022-02-18,"3494223","21572490","13255989","12377098","177372"
"760",2022-02-19,"3494223","21649042","13255989","12427773","177372"
"761",2022-02-20,"3494223","21708045","13255989","12469975","177372"
"762",2022-02-21,"3512212","21717576","13636993","12494459","178507"
"763",2022-02-22,"3520568","21801326","13762895","12554596","179305"
"764",2022-02-23,"3529041","21866657","13971947","12603758","180376"
"765",2022-02-24,"3537675","21933357","14188269","12651251","181195"
"766",2022-02-25,"3544034","21991477","14399012","12693320","181903"
"767",2022-02-26,"3544034","22045100","14399012","12732680","181903"
"768",2022-02-27,"3544034","22087700","14399012","12764558","181903"
"769",2022-02-28,"3557314","22098808","14745107","12782836","183177"
"770",2022-03-01,"3563841","22166213","14867218","12829972","183802"
"771",2022-03-02,"3563841","22223910","15053624","12867918","184862"
"772",2022-03-03,"3571579","22282571","15264297","12910506","185707"
"773",2022-03-04,"3586292","22340070","15481890","12948859","186360"
"774",2022-03-05,"3586292","22393748","15481890","12990223","186360"
"775",2022-03-06,"3586292","22439076","15481890","13026112","186360"
"776",2022-03-07,"3601627","22450311","15869417","13048774","187971"
"777",2022-03-08,"3609122","22530160","15869417","13109527","188748"
"778",2022-03-09,"3609122","22599285","16242070","13159342","189830"
"779",2022-03-10,"3629671","22668331","16504822","13214498","191006"
"780",2022-03-11,"3640052","22741033","16757658","13268459","191964"
"781",2022-03-12,"3640052","22811557","16757658","13323179","191964"
"782",2022-03-13,"3640052","22870593","16757658","13373207","191964"
"783",2022-03-14,"3658084","22889446","17233729","13402905","193939"
"784",2022-03-15,"3658084","22995380","17432617","13489319","194846"
"785",2022-03-16,"3683784","23101166","17695210","13563466","196296"
"786",2022-03-17,"3696059","23201324","17990141","13645834","197701"
"787",2022-03-18,"3696059","23297675","18287986","13724411","199202"
"788",2022-03-19,"3707561","23395779","18287986","13800179","199202"
"789",2022-03-20,"3707561","23477062","18287986","13861743","199202"
"790",2022-03-21,"3728945","23496196","18772331","13895188","201718"
"791",2022-03-22,"3741614","23676973","18994411","13992092","202577"
"792",2022-03-23,"3757776","23822533","19278143","14070450","203861"
"793",2022-03-24,"3771233","23962674","19596530","14153098","206044"
"794",2022-03-25,"3782085","24101868","19893028","14229495","208223"
"795",2022-03-26,"3782085","24241385","19893028","14304111","208223"
"796",2022-03-27,"3782085","24351559","19893028","14364723","208223"
"797",2022-03-28,"3807447","24376241","20323779","14396283","211280"
"798",2022-03-29,"3807447","24583965","20561131","14496579","212390"
"799",2022-03-30,"3807447","24751850","20829608","14567990","214099"
"800",2022-03-31,"3851048","24921161","21104509","14642354","215831"
"801",2022-04-01,"3851048","25068545","21357039","14719394","216979"
"802",2022-04-02,"3851048","25200659","21357039","14790806","216979"
"803",2022-04-03,"3851048","25302925","21357039","14845815","216979"
"804",2022-04-04,"3881523","25330573","21668677","14877144","219390"
"805",2022-04-05,"3881523","25529204","21849074","14966058","220034"
"806",2022-04-06,"3881523","25679132","22064059","15035943","221555"
"807",2022-04-07,"3915732","25837924","22265788","15106066","222804"
"808",2022-04-08,"3915732","25985800","22441051","15173707","223666"
"809",2022-04-09,"3915732","26127490","22441051","15238128","223666"
"810",2022-04-10,"3915732","26235144","22441051","15292048","223666"
"811",2022-04-11,"3943831","26256894","22677986","15320753","225562"
"812",2022-04-12,"3943831","26447656","22840776","15404809","226339"
"813",2022-04-13,"3943831","26581294","23017079","15467395","227528"
"814",2022-04-14,"3972963","26718636","23182447","15533012","227536"
"815",2022-04-15,"3972963","26844030","23182447","15595302","229311"
"816",2022-04-16,"3972963","26955613","23182447","15659835","229311"
"817",2022-04-17,"3972963","27042263","23182447","15712088","229311"
"818",2022-04-18,"3972963","27062073","23182447","15730676","229311"
"819",2022-04-19,"3998722","27083370","23459628","15758002","230991"
"820",2022-04-20,"3998722","27239081","23658211","15858442","231669"
"821",2022-04-21,"4015791","27343088","23844536","15934437","233137"
"822",2022-04-22,"4015791","27416764","24006254","16008181","233966"
"823",2022-04-23,"4015791","27497335","24006254","16079209","233966"
"824",2022-04-24,"4015791","27556289","24006254","16136057","233966"
"825",2022-04-25,"4015791","27567552","24200596","16161339","235276"
"826",2022-04-26,"4036113","27665050","24337394","16191323","235864"
"827",2022-04-27,"4036113","27719872","24479055","16279754","236686"
"828",2022-04-28,"4056448","27779632","24609159","16349788","237248"
"829",2022-04-29,"4056448","27829894","24710769","16409183","237856"
"830",2022-04-30,"4056448","27879376","24710769","16463200","237856"
"831",2022-05-01,"4056448","27916102","24710769","16504791","237856"
"832",2022-05-02,"4071279","27924839","24813817","16523859","238917"
"833",2022-05-03,"4071279","27978577","24927339","16586268","239335"
"834",2022-05-04,"4071279","28026502","25033970","16633911","240132"
"835",2022-05-05,"4088336","28070727","25130137","16682626","240675"
"836",2022-05-06,"4088336","28108929","25215210","16726990","241160"
"837",2022-05-07,"4088336","28146887","25215210","16767773","241160"
"838",2022-05-08,"4088336","28176211","25215210","16798998","241686"
"839",2022-05-09,"4102082","28181004","25299300","16816419","242165"
"840",2022-05-10,"4102082","28229588","25406868","16872618","242178"
"841",2022-05-11,"4102082","28269887","25503878","16915301","242194"
"842",2022-05-12,"4116397","28305934","25592839","16954784","242700"
"843",2022-05-13,"4116397","28334484","25661838","16993813","243569"
"844",2022-05-14,"4116397","28364943","25661838","17030147","244182"
"845",2022-05-15,"4116397","28387787","25661838","17057873","244620"
"846",2022-05-16,"4127123","28391147","25732153","17071649","244866"
"847",2022-05-17,"4127123","28429331","25818405","17116550","244882"
"848",2022-05-18,"4134293","28493347","25890456","17147477","245318"
"849",2022-05-19,"4134293","28521189","25949175","17178199","245750"
"850",2022-05-20,"4134293","28540650","25998085","17205017","246081"
"851",2022-05-21,"4134293","28563157","25998085","17229263","246342"
"852",2022-05-22,"4134293","28580122","25998085","17247552","246579"
"853",2022-05-23,"4143408","28550384","26045528","17257573","246748"
"854",2022-05-24,"4143408","28575859","26109965","17288287","246761"
"855",2022-05-25,"4147568","28597865","26159106","17312432","247022"
"856",2022-05-26,"4147568","28619099","26159106","17333299","247257"
"857",2022-05-27,"4147568","28623271","26200663","17355119","247502"
"858",2022-05-28,"4147568","28646853","26244107","17373741","247539"
"859",2022-05-29,"4147568","28663293","26244107","17388877","247760"
"860",2022-05-30,"4152558","28667966","26244107","17396723","247920"
"861",2022-05-31,"4152558","28703050","26305996","17421410","247935"
"862",2022-06-01,"4152558","28721343","26360953","17440232","248279"
"863",2022-06-02,"4158754","28744662","26409455","17457950","248702"
"864",2022-06-03,"4158754","28769716","26452148","17467642","248972"
"865",2022-06-04,"4158754","28794888","26452148","17490451","248972"
"866",2022-06-05,"4158754","28815430","26452148","17505973","248972"
"867",2022-06-06,"4158754","28821614","26452148","17514589","249319"
"868",2022-06-07,"4164698","28825328","26498361","17543136","249319"
"869",2022-06-08,"4164698","28879130","26583016","17566061","249939"
"870",2022-06-09,"4170252","28917357","26660652","17589595","251873"
"871",2022-06-10,"4170252","28917357","26738530","17611607","251873"
"872",2022-06-11,"4170252","28917263","26738530","17634065","251873"
"873",2022-06-12,"4170252","28917263","26738530","17653375","251873"
"874",2022-06-13,"4177440","28917263","26809245","17664043","251873"
"875",2022-06-14,"4177440","29081355","26915085","17703887","252693"
"876",2022-06-15,"4177440","29133309","27007429","17736696","253318"
"877",2022-06-16,"4187940","29186390","27096571","17773764","254173"
"878",2022-06-17,"4187940","29236926","27124689","17809934","254865"
"879",2022-06-18,"4187940","29236926","27124689","17844905","254865"
"880",2022-06-19,"4187940","29236926","27124689","17879160","254865"
"881",2022-06-20,"4197345","29338883","27211896","17896065","255469"
"882",2022-06-21,"4197345","29422836","27334993","17959329","256678"
"883",2022-06-22,"4197345","29499502","27454225","18014202","257503"
"884",2022-06-23,"4211511","29579354","27573585","18071634","258467"
"885",2022-06-24,"4211511","29658559","27681775","18128044","258467"
"886",2022-06-25,"4211511","29658559","27681775","18184917","258467"
"887",2022-06-26,"4211511","29658559","27681775","18234242","258467"
"888",2022-06-27,"4225222","29823387","27771911","18259261","258467"
"889",2022-06-28,"4225222","29958577","27914240","18343422","261163"
"890",2022-06-29,"4225222","30083301","28048190","18438877","263167"
"891",2022-06-30,"4246078","30216647","28180861","18523111","263387"
"892",2022-07-01,"4246078","30341632","28293960","18610011","264571"
"893",2022-07-02,"4246078","30341632","28293960","18695954","264571"
"894",2022-07-03,"4246078","30341632","28293960","18768871","264571"
"895",2022-07-04,"4265296","30584880","28394995","18805756","265323"
"896",2022-07-05,"4265296","30781967","28542484","18938771","266904"
"897",2022-07-06,"4265296","30936582","28673212","19048788","267707"
"898",2022-07-07,"4294880","31097847","28808614","19157174","269086"
"899",2022-07-08,"4294880","31235794","28926346","19259037","270130"
"900",2022-07-09,"4294880","31235794","28926346","19357938","270130"
"901",2022-07-10,"4294880","31235794","28926346","19439501","270130"
"902",2022-07-11,"4320107","31487131","29025760","19523262","271049"
"903",2022-07-12,"4320107","31659753","29180489","19667320","272520"
"904",2022-07-13,"4320107","31787395","29308100","19778911","273401"
"905",2022-07-14,"4349050","31787395","29460249","19887543","274677"
"906",2022-07-15,"4349050","31787395","29569943","19985479","275512"
"907",2022-07-16,"4349050","31787395","29569943","20076863","275512"
"908",2022-07-17,"4349050","31787395","29569943","20145859","275512"
"909",2022-07-18,"4368611","32141518","29692989","20177910","276134"
"910",2022-07-19,"4368611","32269027","29853680","20299013","277350"
"911",2022-07-20,"4381331","32358740","29994679","20385814","277888"
"912",2022-07-21,"4381331","32439609","30131303","20467349","278975"
"913",2022-07-22,"4381331","32513712","30239122","20539016","279517"
"914",2022-07-23,"4381331","32513712","30239122","20608190","279517"
"915",2022-07-24,"4381331","32513712","30239122","20660065","279517"
"916",2022-07-25,"4398161","32643471","30331133","20684182","280088"
"917",2022-07-26,"4398161","32723412","30476605","20772833","280929"
"918",2022-07-27,"4398161","32782050","30598385","20837233","281271"
"919",2022-07-28,"4414255","32827964","30702511","20898059","281839"
"920",2022-07-29,"4414255","32872716","30787309","20952476","282252"
"921",2022-07-30,"4414255","32872716","30787309","21002773","282252"
"922",2022-07-31,"4414255","32872716","30787309","21040025","282252"
"923",2022-08-01,"4425201","32952778","30854175","21059545","282252"
"924",2022-08-02,"4425201","33001908","30956873","21124644","282929"
"925",2022-08-03,"4425201","33040311","31044554","21170600","283214"
"926",2022-08-04,"4425201","33068287","31119199","21213559","283507"
"927",2022-08-05,"4437299","33098879","31178705","21251774","283721"
"928",2022-08-06,"4437299","33098879","31178705","21286771","283721"
"929",2022-08-07,"4437299","33098879","31178705","21313427","284931"
"930",2022-08-08,"4444819","33153696","31228322","21325402","284931"
"931",2022-08-09,"4444819","33191512","31307020","21368480","284931"
"932",2022-08-10,"4444819","33218593","31379757","21400179","284931"
"933",2022-08-11,"4453483","33242582","31439645","21428602","284931"
"934",2022-08-12,"4453483","33256395","31489484","21455291","284931"
"935",2022-08-13,"4453483","33256395","31489484","21480076","284931"
"936",2022-08-14,"4453483","33256395","31489484","21499531","284931"
"937",2022-08-15,"4453483","33256395","31535340","21509424","284931"
"938",2022-08-16,"4460582","33298533","31599085","21518365","284931"
"939",2022-08-17,"4460582","33334278","31666475","21554626","285145"
"940",2022-08-18,"4466095","33357883","31725160","21581917","285345"
"941",2022-08-19,"4466095","33372974","31771884","21606606","285552"
"942",2022-08-20,"4466095","33372974","31771884","21630998","285552"
"943",2022-08-21,"4466095","33372974","31771884","21650468","285552"
"944",2022-08-22,"4471620","33411676","31808228","21660885","285689"
"945",2022-08-23,"4471620","33440664","31868639","21696242","285883"
"946",2022-08-24,"4471620","33461953","31921578","21721630","286045"
"947",2022-08-25,"4477770","33481790","31970779","21745065","286188"
"948",2022-08-26,"4477770","33493920","32008122","21767060","286289"
"949",2022-08-27,"4477770","33493920","32008122","21788862","286289"
"950",2022-08-28,"4477770","33493920","32008122","21806509","286289"
"951",2022-08-29,"4482315","33529669","32041350","21814856","286289"
"952",2022-08-30,"4482315","33553391","32095854","21845943","286660"
"953",2022-08-31,"4482315","33572631","32145157","21867757","286827"
"954",2022-09-01,"4488054","33591277","32184553","21888255","286968"
"955",2022-09-02,"4488054","33600422","32218483","21907413","287100"
"956",2022-09-03,"4488054","33600422","32218483","21925073","288658"
"957",2022-09-04,"4488054","33600422","32218483","21938269","288658"
"958",2022-09-05,"4492773","33632356","32247828","21944877","288658"
"959",2022-09-06,"4492773","33659274","32297537","21969725","288658"
"960",2022-09-07,"4497199","33679416","32344032","21987295","288658"
"961",2022-09-08,"4497199","33699282","32386089","22004612","288658"
"962",2022-09-09,"4497199","33718369","32422084","22020154","288658"
"963",2022-09-10,"4497199","33718369","32422084","22035291","288658"
"964",2022-09-11,"4497199","33718369","32422084","22047192","288658"
"965",2022-09-12,"4497199","33754160","32452250","22054443","288658"
"966",2022-09-13,"4504106","33796010","32507180","22077601","288658"
"967",2022-09-14,"4504106","33825536","32558479","22096450","288658"
"968",2022-09-15,"4511590","33856227","32604993","22114423","288658"
"969",2022-09-16,"4511590","33884825","32643742","22131785","288721"
"970",2022-09-17,"4511590","33884825","32643742","22148935","288721"
"971",2022-09-18,"4511590","33884825","32643742","22161016","288721"
"972",2022-09-19,"4511590","33946300","32680356","22169273","288865"
"973",2022-09-20,"4517212","33998116","32740593","22197658","289164"
"974",2022-09-21,"4517212","34036366","32797308","22218846","289386"
"975",2022-09-22,"4525931","34074830","32854286","22241369","289633"
"976",2022-09-23,"4525931","34110990","32905086","22262452","289831"
"977",2022-09-24,"4525931","34110990","32905086","22284812","289831"
"978",2022-09-25,"4525931","34110990","32905086","22303606","289831"
"979",2022-09-26,"4533249","34187868","32952050","22313612","290074"
"980",2022-09-27,"4533249","34261507","33041332","22358487","290464"
"981",2022-09-28,"4533249","34313401","33137143","22395282","290945"
"982",2022-09-29,"4544505","34364144","33216006","22432803","291380"
"983",2022-09-30,"4544505","34412387","33312373","22467278","291758"
"984",2022-10-01,"4544505","34412387","33312373","22500346","291758"
"985",2022-10-02,"4544505","34412387","33312373","22529252","291758"
"986",2022-10-03,"4553333","34505126","33312373","22542568","291758"
"987",2022-10-04,"4553333","34592885","33386229","22602840","292788"
"988",2022-10-05,"4553333","34659449","33519761","22648063","293201"
"989",2022-10-06,"4566207","34724986","33652255","22692912","294753"
"990",2022-10-07,"4566207","34785735","33826367","22737577","294753"
"991",2022-10-08,"4566207","34785735","33826367","22781293","294753"
"992",2022-10-09,"4566207","34785735","33826367","22815736","294753"
"993",2022-10-10,"4575519","34895004","33948632","22830825","294931"
"994",2022-10-11,"4575519","34986866","34121168","22896742","295792"
"995",2022-10-12,"4575519","35055510","34257916","22944496","296195"
"996",2022-10-13,"4586564","35119728","34403129","22990201","296941"
"997",2022-10-14,"4586564","35178403","34517327","23030777","297757"
"998",2022-10-15,"4586564","35178403","34517327","23069745","297757"
"999",2022-10-16,"4586564","35178403","34517327","23099983","297757"
"1000",2022-10-17,"4594338","35284855","34608837","23114013","297835"
"1001",2022-10-18,"4594338","35372521","34758889","23172370","298647"
"1002",2022-10-19,"4594338","35435552","34888963","23214073","299022"
"1003",2022-10-20,"4602438","35492345","35005769","23254633","299715"
"1004",2022-10-21,"4602438","35541081","35098062","23290747","300099"
"1005",2022-10-22,"4602438","35541081","35098062","23322522","300099"
"1006",2022-10-23,"4602438","35541081","35098062","23348075","300099"
"1007",2022-10-24,"4607296","35623204","35172694","23359680","300436"
"1008",2022-10-25,"4607296","35679251","35288228","23408393","301031"
"1009",2022-10-26,"4607296","35720436","35383015","23443429","301353"
"1010",2022-10-27,"4612239","35757525","35461920","23475187","301761"
"1011",2022-10-28,"4612239","35782940","35523412","23504224","302031"
"1012",2022-10-29,"4612239","35782940","35523412","23531023","302031"
"1013",2022-10-30,"4612239","35782940","35523412","23531023","302031"
"1014",2022-10-31,"4612239","35825887","35571131","23531023","302221"
"1015",2022-11-01,"4612239","35825887","35619687","23531023","302221"
"1016",2022-11-02,"4612239","35861040","35649648","23531023","302221"
"1017",2022-11-03,"4617315","35902678","35728277","23531023","302868"
"1018",2022-11-04,"4617315","35932097","35784912","23642011","303025"
"1019",2022-11-05,"4617315","35932097","35784912","23642011","303025"
"1020",2022-11-06,"4617315","35932097","35784912","23642011","303025"
"1021",2022-11-07,"4619721","35983760","35823771","23642011","303214"
"1022",2022-11-08,"4619721","36024351","35884834","23642011","303464"
"1023",2022-11-09,"4619721","36053053","35932654","23642011","303571"
"1024",2022-11-10,"4622723","36080121","35971322","23642011","303571"
"1025",2022-11-11,"4622723","36080121","36005025","23823192","303571"
"1026",2022-11-12,"4622723","36080121","36005025","23823192","303571"
"1027",2022-11-13,"4622723","36080121","36005025","23823192","303571"
"1028",2022-11-14,"4624251","36145223","36033395","23823192","304151"
"1029",2022-11-15,"4624251","36193559","36080574","23823192","304377"
"1030",2022-11-16,"4624251","36227341","36119184","23823192","304556"
"1031",2022-11-17,"4627186","36260475","36152490","23823192","304770"
"1032",2022-11-18,"4627186","36297077","36180077","24031538","304962"
"1033",2022-11-19,"4627186","36297077","36180077","24031538","304962"
"1034",2022-11-20,"4627186","36297077","36180077","24031538","304962"
"1035",2022-11-21,"4627186","36365135","36205405","24031538","305163"
"1036",2022-11-22,"4629552","36429599","36247081","24031538","305434"
"1037",2022-11-23,"4629552","36478787","36280371","24031538","305694"
"1038",2022-11-24,"4633112","36529317","36318461","24031538","305929"
"1039",2022-11-25,"4633112","36577224","36348477","24260660","306139"
"1040",2022-11-26,"4633112","36577224","36348477","24260660","306139"
"1041",2022-11-27,"4633112","36577224","36348477","24260660","306139"
"1042",2022-11-28,"4636264","36671077","36373165","24260660","306343"
"1043",2022-11-29,"4636264","36762891","36419717","24260660","306599"
"1044",2022-11-30,"4639411","36829869","36463485","24260660","306843"
"1045",2022-12-01,"4639411","36897875","36499600","24260660","307089"
"1046",2022-12-02,"4639411","36955945","36530020","24488080","307290"
"1047",2022-12-03,"4639411","36955945","36530020","24488080","307290"
"1048",2022-12-04,"4639411","36955945","36530020","24488080","307290"
"1049",2022-12-05,"4644478","37058977","36557861","24488080","307523"
"1050",2022-12-06,"4644478","37164493","36604648","24488080","307813"
"1051",2022-12-07,"4644478","37240245","36649979","24488080","308061"
"1052",2022-12-08,"4648042","37311842","36690235","24488080","308274"
"1053",2022-12-09,"4648042","37375811","36726061","24709404","308572"
"1054",2022-12-10,"4648042","37375811","36726061","24709404","308572"
"1055",2022-12-11,"4648042","37375811","36726061","24709404","308572"
"1056",2022-12-12,"4654473","37494593","36758926","24709404","308800"
"1057",2022-12-13,"4654473","37590232","36812671","24709404","309253"
"1058",2022-12-14,"4654473","37660098","36860998","24709404","309432"
"1059",2022-12-15,"4658298","37722639","36905873","24709404","309818"
"1060",2022-12-16,"4658298","37776673","36946574","24884034","310066"
"1061",2022-12-17,"4658298","37776673","36946574","24884034","310066"
"1062",2022-12-18,"4658298","37776673","36946574","24884034","310066"
"1063",2022-12-19,"4658298","37874694","36980883","24884034","310316"
"1064",2022-12-20,"4664481","37945906","37035898","24884034","310717"
"1065",2022-12-21,"4664481","38000519","37088426","24884034","311035"
"1066",2022-12-22,"4668248","38049988","37136414","24884034","311435"
"1067",2022-12-23,"4668248","38091831","37177845","25021606","311746"
"1068",2022-12-24,"4668248","38091831","37177845","25021606","311746"
"1069",2022-12-25,"4668248","38091831","37177845","25021606","311746"
"1070",2022-12-26,"4668248","38132575","37177845","25021606","311746"
"1071",2022-12-27,"4668248","38192674","37211978","25021606","311746"
"1072",2022-12-28,"4668248","38218755","37272430","25021606","311746"
"1073",2022-12-29,"4668248","38243191","37345969","25021606","311746"
"1074",2022-12-30,"4668248","38266999","37369865","25143705","311746"
"1075",2022-12-31,"4668248","38266999","37369866","25143705","311746"
"1076",2023-01-01,"4668248","38266999","37369867","25143705","311746"
"1077",2023-01-02,"4668248","38306086","37410650","25143705","311746"
"1078",2023-01-03,"4668248","38326822","37446795","25143705","313150"
"1079",2023-01-04,"4668248","38340927","37475448","25143705","313150"
"1080",2023-01-05,"4682234","38352463","37496370","25143705","313421"
"1081",2023-01-06,"4682234","38358817","37509539","25279682","313505"
"1082",2023-01-07,"4682234","38358817","37509539","25279682","313505"
"1083",2023-01-08,"4682234","38358817","37509539","25279682","313505"
"1084",2023-01-09,"4682234","38376037","37540072","25279682","313594"
"1085",2023-01-10,"4682234","38383853","37562191","25279682","313718"
"1086",2023-01-11,"4682234","38391488","37581570","25279682","313806"
"1087",2023-01-12,"4686147","38398647","37594526","25279682","313882"
"1088",2023-01-13,"4686147","38403672","37605135","25363742","313952"
"1089",2023-01-14,"4686147","38403672","37605135","25363742","313952"
"1090",2023-01-15,"4686147","38403672","37605135","25363742","313952"
"1091",2023-01-16,"4686147","38414502","37622357","25363742","314003"
"1092",2023-01-17,"4686147","38422847","37637807","25363742","314076"
"1093",2023-01-18,"4686147","38428741","37649808","25363742","314142"
"1094",2023-01-19,"4688927","38433733","37659518","25363742","314186"
"1095",2023-01-20,"4688927","38437213","37668384","25415630","314223"
"1096",2023-01-21,"4688927","38437213","37668384","25415630","314223"
"1097",2023-01-22,"4688927","38437213","37668384","25415630","314223"
"1098",2023-01-23,"4688927","38446041","37684456","25415630","314260"
"1099",2023-01-24,"4688927","38452504","37701193","25415630","314432"
"1100",2023-01-25,"4688927","38457851","37715000","25415630","314481"
"1101",2023-01-26,"4691499","38463138","37728155","25415630","314481"
"1102",2023-01-27,"4691499","38467819","37739472","25453789","314481"
"1103",2023-01-28,"4691499","38467819","37739472","25453789","314607"
"1104",2023-01-29,"4691499","38467819","37739472","25453789","314607"
"1105",2023-01-30,"4691499","38476034","37758773","25453789","314639"
"1106",2023-01-31,"4691499","38482878","37779833","25453789","314731"
"1107",2023-02-01,"4691499","38487384","37796790","25453789","314769"
"1108",2023-02-02,"4695403","38491405","37810199","25453789","314867"
"1109",2023-02-03,"4695403","38495010","37822577","25488166","314882"
"1110",2023-02-04,"4695403","38495010","37822577","25488166","314882"
"1111",2023-02-05,"4695403","38495010","37822577","25488166","314882"
"1112",2023-02-06,"4695403","38501672","37842223","25488166","314949"
"1113",2023-02-07,"4695403","38506117","37861703","25488166","315074"
"1114",2023-02-08,"4695403","38510108","37879714","25488166","315173"
"1115",2023-02-09,"4700949","38513761","37893892","25488166","315268"
"1116",2023-02-10,"4700949","38517125","37893892","25519067","315352"
"1117",2023-02-11,"4700949","38517125","37907312","25519067","315352"
"1118",2023-02-12,"4700949","38517125","37907312","25519067","315352"
"1119",2023-02-13,"4700949","38522794","37928944","25519067","315412"
"1120",2023-02-14,"4700949","38527780","37949446","25519067","315528"
"1121",2023-02-15,"4700949","38531752","37970357","25519067","315590"
"1122",2023-02-16,"4700949","38535773","37986750","25519067","315680"
"1123",2023-02-17,"4708273","38539362","38002114","25547414","315778"
"1124",2023-02-18,"4708273","38539362","38002114","25547414","315778"
"1125",2023-02-19,"4708273","38539362","38002114","25547414","315778"
"1126",2023-02-20,"4708273","38547495","38018111","25547414","315778"
"1127",2023-02-21,"4708273","38553269","38043874","25547414","315778"
"1128",2023-02-22,"4708273","38557586","38068912","25547414","315945"
"1129",2023-02-23,"4717655","38562075","38090089","25547414","315945"
"1130",2023-02-24,"4717655","38565992","38111063","25576852","315945"
"1131",2023-02-25,"4717655","38565992","38111063","25576852","315945"
"1132",2023-02-26,"4717655","38565992","38111063","25576852","315945"
"1133",2023-02-27,"4717655","38573618","38144033","25576852","315945"
"1134",2023-02-28,"4717655","38579269","38168908","25576852","315945"
"1135",2023-03-01,"4717655","38583794","38189954","25576852","316601"
"1136",2023-03-02,"4727795","38587990","38202571","25576852","316601"
"1137",2023-03-03,"4727795","38591184","38210850","25603510","316601"
"1138",2023-03-04,"4727795","38591184","38210850","25603510","316601"
"1139",2023-03-05,"4727795","38591184","38210851","25603510","316601"
"1140",2023-03-06,"4727795","38599330","38210851","25603510","316601"
"1141",2023-03-07,"4727795","38606393","38231610","25603510","316601"
"1142",2023-03-08,"4727795","38612201","38241231","25603510","317367"
"1143",2023-03-09,"4739365","38618509","38249060","25603510","317367"
